{"cameraMode":{"drawMode":0,"name":"Shaded","section":"Shading Mode"},"sceneLighting":true,"audioPlay":false,"sceneViewState":{"showFog":true,"showMaterialUpdate":false,"showSkybox":true,"showFlares":true,"showImageEffects":true,"showParticleSystems":true},"in2DMode":false,"pivot":{"x":0.03311307728290558,"y":1.214465618133545,"z":4.692950248718262},"rotation":{"x":-0.20392446219921113,"y":-0.03523492068052292,"z":0.0073444535955786709,"w":-0.978324830532074},"size":2.8578836917877199,"orthographic":false}