{"cameraMode":{"drawMode":0,"name":"Shaded","section":"Shading Mode"},"sceneLighting":true,"audioPlay":false,"sceneViewState":{"showFog":true,"showMaterialUpdate":false,"showSkybox":true,"showFlares":true,"showImageEffects":true,"showParticleSystems":true},"in2DMode":false,"pivot":{"x":3.938999891281128,"y":0.5410000085830689,"z":-75.44999694824219},"rotation":{"x":-0.1960861086845398,"y":-0.14211156964302064,"z":0.028733333572745324,"w":-0.9698087573051453},"size":2.857884645462036,"orthographic":false}