{"cameraMode":{"drawMode":0,"name":"Shaded","section":"Shading Mode"},"sceneLighting":false,"audioPlay":false,"sceneViewState":{"showFog":true,"showMaterialUpdate":false,"showSkybox":true,"showFlares":true,"showImageEffects":true,"showParticleSystems":true},"in2DMode":false,"pivot":{"x":573.4999389648438,"y":254.86329650878907,"z":145.71380615234376},"rotation":{"x":0.20696456730365754,"y":0.016141800209879876,"z":-0.003415305633097887,"w":0.978209376335144},"size":2206.20654296875,"orthographic":false}