{"cameraMode":{"drawMode":0,"name":"Shaded","section":"Shading Mode"},"sceneLighting":true,"audioPlay":false,"sceneViewState":{"showFog":true,"showMaterialUpdate":false,"showSkybox":true,"showFlares":true,"showImageEffects":true,"showParticleSystems":true},"in2DMode":false,"pivot":{"x":10.856475830078125,"y":15.386688232421875,"z":-10.770782470703125},"rotation":{"x":0.10028574615716934,"y":-0.02984408661723137,"z":0.0030094815883785488,"w":0.9945064783096314},"size":2334.363037109375,"orthographic":false}