{"cameraMode":{"drawMode":0,"name":"Shaded","section":"Shading Mode"},"sceneLighting":true,"audioPlay":false,"sceneViewState":{"showFog":true,"showMaterialUpdate":false,"showSkybox":true,"showFlares":true,"showImageEffects":true,"showParticleSystems":true},"in2DMode":false,"pivot":{"x":16.510000228881837,"y":1.9900000095367432,"z":6.739999771118164},"rotation":{"x":-0.11478753387928009,"y":0.7809112071990967,"z":-0.15059033036231996,"w":-0.5952512621879578},"size":22.0,"orthographic":false}