{"cameraMode":{"drawMode":0,"name":"Shaded","section":"Shading Mode"},"sceneLighting":true,"audioPlay":false,"sceneViewState":{"showFog":true,"showMaterialUpdate":false,"showSkybox":true,"showFlares":true,"showImageEffects":true,"showParticleSystems":true},"in2DMode":false,"pivot":{"x":4.210716724395752,"y":-0.5969243049621582,"z":-81.70357513427735},"rotation":{"x":-0.1018214076757431,"y":0.005968780256807804,"z":-0.0006109358510002494,"w":-0.9947846531867981},"size":2.8579375743865969,"orthographic":true}