{"cameraMode":{"drawMode":0,"name":"Shaded","section":"Shading Mode"},"sceneLighting":true,"audioPlay":false,"sceneViewState":{"showFog":true,"showMaterialUpdate":false,"showSkybox":true,"showFlares":true,"showImageEffects":true,"showParticleSystems":true},"in2DMode":false,"pivot":{"x":5.736462116241455,"y":0.3256899118423462,"z":-82.80000305175781},"rotation":{"x":-0.1088624894618988,"y":-0.18379133939743043,"z":0.020484929904341699,"w":-0.9767037034034729},"size":5.0207672119140629,"orthographic":false}