{"cameraMode":{"drawMode":0,"name":"Shaded","section":"Shading Mode"},"sceneLighting":true,"audioPlay":false,"sceneViewState":{"showFog":true,"showMaterialUpdate":false,"showSkybox":true,"showFlares":true,"showImageEffects":true,"showParticleSystems":true},"in2DMode":false,"pivot":{"x":7.80398416519165,"y":0.8190691471099854,"z":5.256125450134277},"rotation":{"x":-0.15621578693389893,"y":0.022221749648451806,"z":-0.00351544888690114,"w":-0.9874666929244995},"size":8.421554565429688,"orthographic":false}